{
  "accuracy": 0.7102102102102102,
  "f1": 0.49076517150395776
}