{
  "timestamp": "2026-01-20T15:50:01.099571Z",
  "config": {
    "data": {
      "path": "data/dataset.csv",
      "target": "Exited"
    },
    "split": {
      "test_size": 0.2,
      "random_state": 42,
      "stratify": true
    },
    "model": {
      "name": "logistic_regression",
      "max_iter": 3000,
      "class_weight": "null"
    }
  },
  "versions": {
    "python": "3.11.14 | packaged by Anaconda, Inc. | (main, Oct 21 2025, 18:30:03) [MSC v.1929 64 bit (AMD64)]",
    "numpy": "1.26.4",
    "pandas": "2.2.3",
    "scikit-learn": "1.5.1"
  },
  "report": {
    "0": {
      "precision": 0.8965785381026439,
      "recall": 0.7247014456316782,
      "f1-score": 0.8015293708724366,
      "support": 1591.0
    },
    "1": {
      "precision": 0.3848314606741573,
      "recall": 0.6732186732186732,
      "f1-score": 0.4897229669347632,
      "support": 407.0
    },
    "accuracy": 0.7142142142142142,
    "macro avg": {
      "precision": 0.6407049993884006,
      "recall": 0.6989600594251757,
      "f1-score": 0.6456261689035999,
      "support": 1998.0
    },
    "weighted avg": {
      "precision": 0.7923337630709152,
      "recall": 0.7142142142142142,
      "f1-score": 0.7380132515517993,
      "support": 1998.0
    }
  }
}